AbsoluteDreamer;ffffff,eeeeaa,9999ff,ffaaaa,0033ff
Barquasse RKN;f5fff0,f0fffd,069c00,007800,007800
bigouden wind RKN;fc1500,ff6324,ff2a0c,ff3500,ff3500
Bourne34 RKN;f00014,ffde3c,60ebff,3ffc00,84006e
Celemans RKN;ff0cf4,ff0cf4,ff0cf4,ff0cf4,ff0cf4
Chamino;000000,553399,9999ff,ffaaaa,ff0055
City of le MANS RKN;000000,553399,9999ff,ffaaaa,ff0055
davor56_RKN;ff001f,fffff0,ff9099,ffccd2,e40009
domainecuris.com;000000,ee00aa,9999ff,ffaaff,ffffff
F1704 RKN;f01400,f0000a,000000,0c0002,ffff0c
Fun lifestyles RKN;ffffff,eeeeaa,9999ff,ffaaaa,0033ff
G1vaguealameRKN;000000,ff0000,00ff00,0000ff,ff00ff
Garrouille RKN;ffffff,eeeeaa,9999ff,ffaaaa,0033ff
GazelleDesNeiges06;fff0f2,ff24f5,ff24ff,ff3ce6,fff0fc
Guest_1611280076;ffffff,eeeeaa,9999ff,ffaaaa,0033ff
Iety;ff002a,fff0ff,fffcff,fc0000,fffcfe,
Iety_RKN;ff002a,fff0ff,fffcff,fc0000,fffcfe,
iroizo;000000,0000e4,ee00aa,9999ff,ffaaff
Iroizo C-RKN;784100,050c00,deff9c,b078ff,fc0088
jazz69rkn;ffffff,eeeeaa,9999ff,ffaaaa,0033ff
JB_N RKN;000000,553399,9999ff,ffaaaa,ff0055
jf44-RKN;002acc,48ff4f,ff30ff,d80051,e4da00
KELPIEDSinglePlayer;000000,553399,9999ff,ffaaaa,ff0055
kerhilloRKN;180200,0c0900,000000,000000,000000
LEA-AND-NATHAN-33520;000000,ff0000,00ff00,0000ff,ff00ff
letango RKN;000000,553399,9999ff,ffaaaa,ff0055
Lothe60RKN;e4002f,1300e4,1200d8,ffaaaa,f0003c
Malamoc;fff0a8,fff0a8,f4fff0,14f000,ff185b
Malizia rkn;f0f4ff,e9e4ff,120018,000c0b,240015
Matheja1664;000000,ff0000,aaffaa,aaaaff,ffaaff
mezua34;000000,553399,9999ff,ffaaaa,ff0055
MLS RKN;ff00ff,553399,775533,22cc99,00ff55
MoutonVolantRKN;fc1f00,fffcfc,ff004a,ff846c,ff00ff
Onyx Star;ff001f,fff524,2a0cff,340cff,0000fc
PeliouRKN;0c0300,000c08,000000,000000,000000
philou 33 RKN;ff00ff,553399,775533,22cc99,00ff55
Picova-RKN;643cff,553399,9999ff,ceccff,8760ff
pirond;000000,ff0000,00ff00,0000ff,ff00ff
pirond2;000000,ff0000,00ff00,0000ff,ff00ff
PostR 2CV Furtive RKN;00c9ff,ccf0ff,00aacc,005ba8,008ca8
PostR 2cvFurtive RKN;ffe1cc,0000cc,dcffd8,fffae4,ff9cc9
R3e Nice RKN;000000,553399,9999ff,f2e4ff,ff0055
RafaleRKN;90c7ff,c0efff,e4fffc,bdb4ff,fcfcff
Raid2cvTeam-RKN;180400,0c0200,180400,180400,180400
rapido79 RKN;5477ff,5477ff,5477ff,5477ff,5477ff
Rcfan77;000000,553399,9999ff,ffaaaa,ff0055
RKN Major Tom;fffcfc,d81b00,fff0f3,ff7d3c,ff1834
RKobisN;0069b4,002748,78ddff,b4fbff,fcfffe
Silwo RKN;0031a8,dcf000,ccffe5,9cd5ff,4866ff
srevlenaC-RKN;fc1500,0c0cff,ff5748,fcffff,ff0c52
thechmot.RKN;ff00ff,553399,775533,22cc99,00ff55
Tovaritch_RKN;000000,000000,000b0c,020018,d80000
Varlingue RKN;000000,ff0000,aaffaa,aaaaff,ffaaff
VICACAPOURSO;e878ff,ff5485,ff5485,fc0054,ff8a00
www.talmondais.com;000000,553399,9999ff,ffaaaa,ff0055
Xolub RKN;0038c0,0038c0,0038c0,0038c0,0038c0
zlatanix;000000,553399,9999ff,ffaaaa,ff0055
F1704 Rkn;f01400,f0000a,000000,0c0002,ffff0c
DANA_C-RKN;e41300,fff2f0,ffc8a8,fc003f,ffc0ca
SrevnelaC-RKN;00003c,d9d8ff,100030,420090,aba8ff
EoliaMC-RKN;ff24e3,840073,ff54b0,e4004c,ff5454
√Åguia fiat 500;0b8400,129000,1100cc,f5ff18,e5a8ff
WishfulThinking;000000,0c0000,ffe4e9,8489ff,fcdc00
muse58;9dfc00,,,,
PTITOUAN TP-LCD;00006c,842100,253c00,203c00,f00028
Terrmer;00d800,,,,
LEA-AND-NATHAN-33320;f0c800,00f000,0038c0,c800f0,ff7b0c
SECOURISTES SANS FRONTIERES;ff3500,,,,
Patama;e400e4,,,,
SPARE;ff7548,ffff48,003fff,cc00b2,0af000
TEAM PP;66ff48,efff48,0c0090,f054ff,0cffff
Sly28;60caff,50f000,0019cc,0099cc,ff30dc
Le-filant-VDA;ffff3c,24ff24,0700b4,30ffff,e848ff
